#,Year,Title,Authors,Journal,Journal data,DOI
1,2026,The removal of Zn from complex circumneutral pH mine waters using magnetic nanoparticles (MNPs),"Katie E. B. O'Neill, Jagannath Biswakarma, Rich Crane, James M. Byrne",Environmental Science: Nano,,https://doi.org/10.1039/D5EN01049G
2,2025,Current Practices for Analyzing Soils and Sediments via Mössbauer Spectroscopy,"Aaron Thompson, James M. Byrne, Carolin L. Dreher, Andrew R. C. Grigg, Prachi Joshi, Drew E. Latta, Anke Neumann, Luiza Notini, Katie E. B. O'Neill, Katherine A. Rothwell",Journal of Plant Nutrition and Soil Science,,https://doi.org/10.1002/jpln.12024
3,2025,MinSight – a new concept for fitting and interpreting Mössbauer spectroscopy data,James Byrne,,,https://doi.org/10.31219/osf.io/kcrjn_v1
4,2025,Cryptic iron cycling influenced by organic carbon availability in a seasonally stratified lake,"Verena Nikeleit, Markus Maisch, Daniel Straub, Sümeyya Eroglu, Jimena c Lopez-Rivoldi, Harald Strauss, Fin Ring-Hrubesh, James m Byrne, Andreas Kappler, Casey Bryce",FEMS Microbiology Ecology,,https://doi.org/10.1093/femsec/fiaf029
5,2025,Isotopic Exchange between Aqueous Fe(II) and Solid Fe(III) in Lake Sediment─A Kinetic Assemblage Approach,"David W. O’Connell, Catherine Mccammon, James M. Byrne, Marlene Mark Jensen, Bo Thamdrup, Hans Christian Bruun Hansen, Dieke Postma, Rasmus Jakobsen",Environmental Science & Technology,,https://doi.org/10.1021/acs.est.4c07369
6,2025,Oxidation of Fe(II) carbonate (siderite) by anoxygenic phototrophic Fe(II)-oxidising bacteria,"Markus Maisch, Verena Nikeleit, Ulf Lüder, Casey Bryce, Andreas Kappler, James M. Byrne",Geo-Bio Interfaces,,https://doi.org/10.1180/gbi.2025.4
7,2025,"Recovery of Co(ii), Ni(ii) and Zn(ii) using magnetic nanoparticles (MNPs) at circumneutral pH","Katie E. B. O'Neill, Jagannath Biswakarma, Rich Crane, James M. Byrne",Environmental Science: Nano,,https://doi.org/10.1039/D4EN01176G
8,2025,MinSight – a new concept for fitting and interpreting Mössbauer spectroscopy data,James M. Byrne,Interactions,,https://doi.org/10.1007/s10751-025-02331-7
9,2025,The Role of Microorganisms in Shaping Earth's Magnetic History,"Estella A. Atekwana, Joshua M. Feinberg, James M. Byrne",Annual Review of Earth and Planetary Sciences,,https://doi.org/10.1146/annurev-earth-040523-024053
10,2024,Redox Dynamic Interactions of Arsenic(III) with Green Rust Sulfate in the Presence of Citrate,"Jagannath Biswakarma, Molly Matthews, James M. Byrne",Environmental Science & Technology Letters,,https://doi.org/10.1021/acs.estlett.4c00700
11,2024,Changing Cr-Retention Capacity of Magnetite-Coated Sand Captured by Spectral Induced Polarization (SIP),"Ali Rahmani, Marc Franz, Frederik Bär, Claudia Backes, James M. Byrne, Adrian Mellage",ACS ES&T Water,,https://doi.org/10.1021/acsestwater.3c00824
12,2024,Phototrophic Fe(II) oxidation by Rhodopseudomonas palustris TIE‐1 in organic and Fe(II)‐rich conditions,"Verena Nikeleit, Markus Maisch, James M. Byrne, Caroline Harwood, Andreas Kappler, Casey Bryce",Environmental Microbiology,,https://doi.org/10.1111/1462-2920.16608
13,2024,Magnetite nanoparticles are metastable biogeobatteries in consecutive redox cycles driven by microbial Fe oxidation and reduction,"T. Bayer, N. Jakus, A. Kappler, J. M. Byrne",Geo-Bio Interfaces,,https://doi.org/10.1180/gbi.2024.2
14,2023,Cu(II) and Cd(II) Removal Efficiency of Microbially Redox-Activated Magnetite Nanoparticles,"Timm Bayer, Ran Wei, Andreas Kappler, James M. Byrne",ACS Earth and Space Chemistry,,https://doi.org/10.1021/acsearthspacechem.2c00394
15,2023,Continuous cultivation of the lithoautotrophic nitrate‐reducing Fe(II)‐oxidizing culture KS in a chemostat bioreactor,"Timm Bayer, Elizabeth J. Tomaszewski, Casey Bryce, Andreas Kappler, James M. Byrne",Environmental Microbiology Reports,,https://doi.org/10.1111/1758-2229.13149
16,2023,Iron reduction as a viable metabolic pathway in Enceladus' ocean,"Matthew Roche, Mark G Fox-Powell, Rachael E Hamp, James M Byrne",International Journal of Astrobiology,,https://doi.org/10.1017/S1473550423000125
17,2023,Carbon oxidation with sacrificial anodes to inhibit O2 evolution in membrane-less bioelectrochemical systems for microbial electrosynthesis,"Nils Rohbohm, Tianran Sun, Ramiro Blasco-Gómez, James M. Byrne, Andreas Kappler, Largus T. Angenent",EES Catalysis,,https://doi.org/10.1039/D3EY00141E
18,2023,Biomagnetism: Insights Into Magnetic Minerals Produced by Microorganisms,"James M. Byrne, Matthieu Amor",Elements,,https://doi.org/10.2138/gselements.19.4.208
19,2022,A revised analysis of ferrihydrite at liquid helium temperature using Mössbauer spectroscopy,"James M. Byrne, Andreas Kappler",American Mineralogist,,https://doi.org/10.2138/am-2021-7802
20,2022,Microbial Fe cycling in a simulated Precambrian ocean environment: Implications for secondary mineral (trans)formation and deposition during BIF genesis,"Manuel Schad, James M. Byrne, Laurel K. ThomasArrigo, Ruben Kretzschmar, Kurt O. Konhauser, Andreas Kappler",Geochimica et Cosmochimica Acta,,https://doi.org/10.1016/j.gca.2022.05.016
21,2022,The role of iron-bearing minerals for the deep weathering of a hydrothermally altered plutonic rock in semi-arid climate (Chilean Coastal Cordillera),"Ferdinand J. Hampl, Ferry Schiperski, James M. Byrne, Christopher Schwerdhelm, Andreas Kappler, Casey Bryce, Friedhelm von Blanckenburg, Thomas Neumann",Chemical Geology,,https://doi.org/10.1016/j.chemgeo.2022.120922
22,2021,Organic Matter from Redoximorphic Soils Accelerates and Sustains Microbial Fe(III) Reduction,"Andreas Fritzsche, Julian Bosch, Michael Sander, Christian Schröder, James M. Byrne, Thomas Ritschel, Prachi Joshi, Markus Maisch, Rainer U. Meckenstock, Andreas Kappler, Kai U. Totsche",Environmental Science & Technology,,https://doi.org/10.1021/acs.est.1c01183
23,2021,Using Zn and Ni behavior during magnetite precipitation in banded iron formations to determine its biological or abiotic origin,"Xiaohua Han, Elizabeth J. Tomaszewski, Ronny Schoenberg, Kurt O. Konhauser, Matthieu Amor, Yongxin Pan, Viola Warter, Andreas Kappler, James M. Byrne",Earth and Planetary Science Letters,,https://doi.org/10.1016/j.epsl.2021.117052
24,2021,Anaerobic Neutrophilic Pyrite Oxidation by a Chemolithoautotrophic Nitrate-Reducing Iron(II)-Oxidizing Culture Enriched from a Fractured Aquifer,"Natalia Jakus, Adrian Mellage, Carmen Höschen, Markus Maisch, James M. Byrne, Carsten W. Mueller, Peter Grathwohl, Andreas Kappler",Environmental Science & Technology,,https://doi.org/10.1021/acs.est.1c02049
25,2021,Mercury Reduction by Nanoparticulate Vivianite,"Marjorie Etique, Sylvain Bouchet, James M. Byrne, Laurel K. ThomasArrigo, Ralf Kaegi, Ruben Kretzschmar",Environmental Science & Technology,,https://doi.org/10.1021/acs.est.0c05203
26,2021,Iron mineral transformations and their impact on As (im)mobilization at redox interfaces in As-contaminated aquifers,"Agnes Kontny, Magnus Schneider, Elisabeth Eiche, Emiliano Stopelli, Martyna Glodowska, Bhasker Rathi, Jörg Göttlicher, James M. Byrne, Andreas Kappler, Michael Berg, Duyen Vu Thi, Pham T.K. Trang, Pham H. Viet, Thomas Neumann",Geochimica et Cosmochimica Acta,,https://doi.org/10.1016/j.gca.2020.12.029
27,2021,Bio-imaging with the helium-ion microscope: A review,"Matthias Schmidt, James M Byrne, Ilari J Maasilta",Beilstein Journal of Nanotechnology,,https://doi.org/10.3762/bjnano.12.1
28,2021,Chromium (VI) removal kinetics by magnetite-coated sand: Small-scale flow-through column experiments,"Julian Sorwat, Adrian Mellage, Markus Maisch, Andreas Kappler, Olaf A. Cirpka, James M. Byrne",Journal of Hazardous Materials,,https://doi.org/10.1016/j.jhazmat.2021.125648
29,2021,An evolving view on biogeochemical cycling of iron,"Andreas Kappler, Casey Bryce, Muammar Mansor, Ulf Lueder, James M. Byrne, Elizabeth D. Swanner",Nature Reviews Microbiology,,https://doi.org/10.1038/s41579-020-00502-7
30,2021,A biogeochemical–hydrological framework for the role of redox-active compounds in aquatic systems,"S. Peiffer, A. Kappler, S. B. Haderlein, C. Schmidt, J. M. Byrne, S. Kleindienst, C. Vogt, H. H. Richnow, M. Obst, L. T. Angenent, C. Bryce, C. McCammon, B. Planer-Friedrich",Nature Geoscience,,https://doi.org/10.1038/s41561-021-00742-z
31,2021,Diurnal Fe(II)/Fe(III) cycling and enhanced O2 production in a simulated Archean marine oxygen oasis,"A. J. Herrmann, J. Sorwat, J. M. Byrne, N. Frankenberg-Dinkel, M. M. Gehringer",Nature Communications,,https://doi.org/10.1038/s41467-021-22258-1
32,2021,Vertical redox zones of Fe–S–As coupled mineralogy in the sediments of Hetao Basin – Constraints for groundwater As contamination,"H.Y. Wang, J. Göttlicher, J.M. Byrne, H.M. Guo, L.G. Benning, S. Norra",Journal of Hazardous Materials,,https://doi.org/10.1016/j.jhazmat.2020.124924
33,2021,Potentially bioavailable iron produced through benthic cycling in glaciated Arctic fjords of Svalbard,"Katja Laufer-Meiser, Alexander B. Michaud, Markus Maisch, James M. Byrne, Andreas Kappler, Molly O. Patterson, Hans Røy, Bo Barker Jørgensen",Nature Communications,,https://doi.org/10.1038/s41467-021-21558-w
34,2021,"Mineralogical, geochemical and magnetic susceptibility data from a deep hydrothermally altered profile in a semi-arid region (Chilean Coastal Cordillera)","Ferdinand J. Hampl, Ferry Schiperski, James M. Byrne, Christopher Schwerdhelm, Andreas Kappler, Casey Bryce, Friedhelm von Blanckenburg, Thomas Neumann",,,https://doi.org/10.5880/FIDGEO.2021.037
35,2020,Iron mineral dissolution releases iron and associated organic carbon during permafrost thaw,"Monique Patzner, Carsten Mueller, Miroslava Malusova, Moritz Baur, Verena Nikeleit, Thomas Scholten, Carmen Hoeschen, James M Byrne, Thomas Borch, Andreas Kappler, Casey C Bryce",Nature Communications,,https://doi.org/10.1038/s41467-020-20102-6
36,2020,Arsenic sequestration in pyrite and greigite in the buried peat of As-contaminated aquifers,"H.Y. Wang, J.M. Byrne, J.P.H. Perez, A.N. Thomas, J. Göttlicher, H.E. Höfer, S. Mayanna, A. Kontny, A. Kappler, H.M. Guo, L.G. Benning, S. Norra",Geochimica et Cosmochimica Acta,,https://doi.org/10.1016/j.gca.2020.06.021
37,2020,Effect of Natural Organic Matter on the Fate of Cadmium During Microbial Ferrihydrite Reduction,"Zhe Zhou, E. Marie Muehe, Elizabeth J. Tomaszewski, Juan Lezama-Pacheco, Andreas Kappler, James M. Byrne",Environmental Science & Technology,,https://doi.org/10.1021/acs.est.0c03062
38,2020,Role of Iron Sulfide Phases in the Stability of Noncrystalline Tetravalent Uranium in Sediments,"Luca Loreggian, Julian Sorwat, James M. Byrne, Andreas Kappler, Rizlan Bernier-Latmani",Environmental Science & Technology,,https://doi.org/10.1021/acs.est.9b07186
39,2020,Effect of Microbial Biomass and Humic Acids on Abiotic and Biotic Magnetite Formation,"Xiaohua Han, Elizabeth J. Tomaszewski, Julian Sorwat, Yongxin Pan, Andreas Kappler, James M. Byrne",Environmental Science & Technology,,https://doi.org/10.1021/acs.est.9b07095
40,2020,Effect of Fe-metabolizing bacteria and humic substances on magnetite nanoparticle reactivity towards arsenic and chromium,"Anneli Sundman, Anna-Lena Vitzthum, Konstantin Adaktylos-Surber, Adriana I. Figueroa, Gerrit van der Laan, Birgit Daus, Andreas Kappler, James M. Byrne",Journal of Hazardous Materials,,https://doi.org/10.1016/j.jhazmat.2019.121450
41,2020,Complexation by cysteine and iron mineral adsorption limit cadmium mobility during metabolic activity of Geobacter sulfurreducens,"E. J. Tomaszewski, L. Olson, M. Obst, J. M. Byrne, A. Kappler, E. M. Muehe",Environmental Science: Processes & Impacts,,https://doi.org/10.1039/D0EM00244E
42,2020,Interactions of ferrous iron with clay mineral surfaces during sorption and subsequent oxidation,"Natacha Van Groeningen, Laurel K. ThomasArrigo, James M. Byrne, Andreas Kappler, Iso Christl, Ruben Kretzschmar",Environmental Science: Processes & Impacts,,https://doi.org/10.1039/D0EM00063A
43,2020,Humidity related magnetite alteration in an experimental setup,"Qi Zhang, Erwin Appel, Helge Stanjek, James M Byrne, Christoph Berthold, Julian Sorwat, Wolfgang Rösler, Timo Seemann",Geophysical Journal International,,https://doi.org/10.1093/gji/ggaa394
44,2020,Reusable magnetite nanoparticles–biochar composites for the efficient removal of chromate from water,"Md. Samrat Alam, Brendan Bishop, Ning Chen, Salman Safari, Viola Warter, James M. Byrne, Tyler Warchola, Andreas Kappler, Kurt O. Konhauser, Daniel S. Alessi",Scientific Reports,,https://doi.org/10.1038/s41598-020-75924-7
45,2020,Impact of reactive surfaces on the abiotic reaction between nitrite and ferrous iron and associated nitrogen and oxygen isotope dynamics,"Anna-Neva Visser, Scott D. Wankel, Pascal A. Niklaus, James M. Byrne, Andreas A. Kappler, Moritz F. Lehmann",Biogeosciences,,https://doi.org/10.5194/bg-17-4355-2020
46,2020,"Bacterial production of vanadium ferrite spinel (Fe,V)<sub>3</sub>O<sub>4</sub> nanoparticles","Victoria S Coker, Gerrit van der Laan, Neil D Telling, Jonathan R Lloyd, James M Byrne, Elke Arenholz, Richard AD Pattrick",Mineralogical Magazine,,https://doi.org/10.1180/mgm.2020.55
47,2019,Mineral Defects Enhance Bioavailability of Goethite toward Microbial Fe(III) Reduction,"Luiza Notini, James M. Byrne, Elizabeth J. Tomaszewski, Drew E. Latta, Zhe Zhou, Michelle M. Scherer, Andreas Kappler",Environmental Science & Technology,,https://doi.org/10.1021/acs.est.9b03208
48,2019,Analytical Geomicrobiology,,,,https://doi.org/10.1017/9781107707399
49,2019,Formation of green rust and elemental sulfur in an analogue for oxygenated ferro-euxinic transition zones of Precambrian oceans,"Koeksoy, E., Sundman, A., Byrne, J. M., Lohmayer, R., Planer-Friedrich, B., Halevy, I., Konhauser, K. O., Kappler, A.",Geology,,https://doi.org/10.1130/G45501.1
50,2019,H-2-fuelled microbial metabolism in Opalinus Clay,"Boylan, Aislinn A., Perez-Mon, Carla, Guillard, Laurent, Burzan, Niels, Loreggian, Luca, Maisch, Markus, Kappler, Andreas, Byrne, James M., Bernier-Latmani, Rizlan",Applied Clay Science,,https://doi.org/10.1016/J.CLAY.2019.03.020
51,2019,Pyrite formation from FeS and H2S is mediated through microbial redox activity,"Thiel, Joana, Byrne, James M., Kappler, Andreas, Schink, Bernhard, Pester, Michael",Proceedings of the National Academy of Sciences,,https://doi.org/10.1073/PNAS.1814412116
52,2018,Impact of Organic Matter on Iron(II)-Catalyzed Mineral Transformations in Ferrihydrite–Organic Matter Coprecipitates,"Laurel K. ThomasArrigo, James M. Byrne, Andreas Kappler, Ruben Kretzschmar",Environmental Science & Technology,,https://doi.org/10.1021/acs.est.8b03206
53,2018,Proteome Response of a Metabolically Flexible Anoxygenic Phototroph to Fe(II) Oxidation,"Casey Bryce, Mirita Franz-Wachtel, Nicolas C. Nalpas, Jennyfer Miot, Karim Benzerara, James M. Byrne, Sara Kleindienst, Boris Macek, Andreas Kappler, Volker Müller",Applied and Environmental Microbiology,,https://doi.org/10.1128/AEM.01166-18
54,2018,Imaging Organic–Mineral Aggregates Formed by Fe(II)-Oxidizing Bacteria Using Helium Ion Microscopy,"James M. Byrne, Matthias Schmidt, Tina Gauger, Casey Bryce, Andreas Kappler",Environmental Science & Technology Letters,,https://doi.org/10.1021/acs.estlett.8b00077
55,2018,A case study for late Archean and Proterozoic biogeochemical iron- and sulphur cycling in a modern habitatthe Arvadi Spring,"Koeksoy, Elif, Halama, Maximilian, Hagemann, Nikolas, Weigold, Pascal R., Laufer, Katja, Kleindienst, Sara, Byrne, James M., Sundman, Anneli, Hanselmann, Kurt, Halevy, Itay, Schoenberg, Ronny, Konhauser, Kurt O., Kappler, Andreas",Geobiology,,https://doi.org/10.1111/GBI.12293
56,2018,"Magnetite and Green Rust: Synthesis, Properties, and Environmental Applications of Mixed-Valent Iron Minerals","Usman, M., Byrne, J. M., Chaudhary, A., Orsetti, S., Hanna, K., Ruby, C., Kappler, A., Haderlein, S. B.",Chemical Reviews,,https://doi.org/10.1021/ACS.CHEMREV.7B00224
57,2018,"Microbial anaerobic Fe(II) oxidation - Ecology, mechanisms and environmental implications","Bryce, Casey, Blackwell, Nia, Schmidt, Caroline, Otte, Julia, Huang, Yu-Ming, Kleindienst, Sara, Tomaszewski, Elizabeth, Schad, Manuel, Warter, Viola, Peng, Chao, Byrne, James M., Kappler, Andreas",Environmental Microbiology,,https://doi.org/10.1111/1462-2920.14328
58,2018,The potential of magnetic hyperthermia for triggering the differentiation of cancer cells,"Sandhya Moise, James M. Byrne, Alicia J. El Haj, Neil D. Telling",Nanoscale,,https://doi.org/10.1039/C8NR05946B
59,2017,"Abiotic versus biotic iron mineral transformation studied by a miniaturized backscattering Mössbauer spectrometer (MIMOS II), X-ray diffraction and Raman spectroscopy","C. Markovski, J.M. Byrne, E. Lalla, A.D. Lozano-Gorrín, G. Klingelhöfer, F. Rull, A. Kappler, T. Hoffmann, C. Schröder",Icarus,,https://doi.org/10.1016/J.ICARUS.2017.05.017
60,2017,Current and future microbiological strategies to remove As and Cd from drinking water,"James M. Byrne, Andreas Kappler",Microbial Biotechnology,,https://doi.org/10.1111/1751-7915.12742
61,2017,"Insights into Nitrate-Reducing Fe(II) Oxidation Mechanisms through Analysis of Cell-Mineral Associations, Cell Encrustation, and Mineralogy in the Chemolithoautotrophic Enrichment Culture KS","M. Nordhoff, C. Tominski, M. Halama, J. M. Byrne, M. Obst, S. Kleindienst, S. Behrens, A. Kappler",Applied and Environmental Microbiology,,https://doi.org/10.1128/AEM.00752-17
62,2017,Interactions between magnetite and humic substances: redox reactions and dissolution processes,"Anneli Sundman, James M. Byrne, Iris Bauer, Nicolas Menguy, Andreas Kappler",Geochemical Transactions,,https://doi.org/10.1186/S12932-017-0044-1
63,2017,Iron Isotope Fractionation during Fe(II) Oxidation Mediated by the Oxygen-Producing Marine Cyanobacterium Synechococcus PCC 7002.,"Swanner, E D, Bayer, T, Wu, W, Hao, L, Obst, M, Sundman, A, Byrne, J M, Michel, F M, Kleinhanns, I C, Kappler, A, Schoenberg, R",Environmental science &amp; technology,,https://doi.org/10.1021/acs.est.6b05833
64,2017,Iron(II)-Catalyzed Iron Atom Exchange and Mineralogical Changes in Iron-rich Organic Freshwater Flocs: An Iron Isotope Tracer Study,"ThomasArrigo, Laurel K., Mikutta, Christian, Byrne, James, Kappler, Andreas, Kretzschmar, Ruben",Environmental Science & Technology,,https://doi.org/10.1021/ACS.EST.7B01495
65,2017,Physiological characterization of a halotolerant anoxygenic phototrophic Fe(II)-oxidizing green-sulfur bacterium isolated from a marine sediment.,"Laufer, Katja, Niemeyer, Annika, Nikeleit, Verena, Halama, Maximilian, Byrne, James M, Kappler, Andreas",FEMS microbiology ecology,,https://doi.org/10.1093/femsec/fix054
66,2017,The cellular magnetic response and biocompatibility of biogenic zinc- and cobalt-doped magnetite nanoparticles,"Moise, Sandhya, Cespedes, Eva, Soukup, Dalibor, Byrne, James M., El Haj, Alicia J., Telling, Neil D.",Scientific Reports,,https://doi.org/10.1038/srep39922
67,2016,Anaerobic microbial Fe(II) oxidation and Fe(III) reduction in coastal marine sediments controlled by organic carbon content,"Laufer, Katja, Byrne, James M., Glombitza, Clemens, Schmidt, Caroline, Jorgensen, Bo Barker, Kappler, Andreas",Environmental Microbiology,,https://doi.org/10.1111/1462-2920.13387
68,2016,"Binding of heavy metal ions in aggregates of microbial cells, EPS and biogenic iron minerals measured in-situ using metal- and glycoconjugates-specific fluorophores","Hao, L. K., Guo, Y., Byrne, J. M., Zeitvogel, F., Schmid, G., Ingino, P., Li, J. L., Neu, T. R., Swanner, E. D., Kappler, A., Obst, M.",Geochimica Et Cosmochimica Acta,,https://doi.org/10.1016/j.gca.2016.02.016
69,2016,Evaluation of semi-arid arable soil heavy metal pollution by magnetic susceptibility in the Linfen basin of China,"Pingguo Yang, James Byrne, Hongjun Li, Hong-Bo Shao",Arid Land Research and Management,,https://doi.org/10.1080/15324982.2015.1128013
70,2016,Geochemistry and Mineralogy of Western Australian Salt Lake Sediments: Implications for Meridiani Planum on Mars,"Ruecker, A., Schroder, C., Byrne, J., Weigold, P., Behrens, S., Kappler, A.",Astrobiology,,https://doi.org/10.1089/ast.2015.1429
71,2016,How the route of magnetite synthesis influences magnetite redox reactions with humic substances,James Byrne,Abstracts of Papers of the American Chemical Society,,
72,2016,Influence of organics and silica on Fe(II) oxidation rates and cell-mineral aggregate formation by the green-sulfur Fe(II)-oxidizing bacterium Chlorobium ferrooxidans KoFox - Implications for Fe(II) oxidation in ancient oceans,"Gauger, T., Byrne, J. M., Konhauser, K. O., Obst, M., Crowe, S., Kappler, A.",Earth and Planetary Science Letters,,https://doi.org/10.1016/j.epsl.2016.03.022
73,2016,Size dependent microbial oxidation and reduction of magnetite nano- and micro-particles,"Byrne, James M., van der Laan, Gerrit, Figueroa, Adriana I., Qafoku, Odeta, Wang, Chongmin, Pearce, Carolyn I., Jackson, Michael, Feinberg, Joshua, Rosso, Kevin M., Kappler, Andreas",Scientific Reports,,https://doi.org/10.1038/srep30969
74,2016,"Spatial variability of soil magnetic susceptibility, organic carbon and total nitrogen from farmland in northern China","PingguoYang, Byrne, James M., Yang, Miao",Catena,,https://doi.org/10.1016/j.catena.2016.05.025
75,2016,Time and temperature dependency of carbon dioxide triggered metal(loid) mobilization in soil,"Mehlhorn, Judith, Byrne, James M., Kappler, Andreas, Planer-Friedrich, Britta",Applied Geochemistry,,https://doi.org/10.1016/j.apgeochem.2016.09.007
76,2015,Redox cycling of Fe(II) and Fe(III) in magnetite by Fe-metabolizing bacteria,,Science,,https://doi.org/10.1126/science.aaa4834
77,2015,Arsenic removal from drinking water by a household sand filter in Vietnam - Effect of filter usage practices on arsenic removal efficiency and microbiological water quality,"Nitzsche, K.S., Lan, V.M., Trang, P.T.K., Viet, P.H., Berg, M., Voegelin, A., Planer-Friedrich, B., Zahoransky, J., Müller, S.-K., Byrne, J.M., Schröder, C., Behrens, S., Kappler, A.",Science of the Total Environment,,https://doi.org/10.1016/j.scitotenv.2014.09.055
78,2015,"Fe(III) mineral reduction followed by partial dissolution and reactive oxygen species generation during 2,4,6-trinitrotoluene transformation by the aerobic yeast Yarrowia lipolytica","Ziganshin, A.M., Ziganshina, E.E., Byrne, J., Gerlach, R., Struve, E., Biktagirov, T., Rodionov, A., Kappler, A.",AMB Express,,https://doi.org/10.1186/s13568-014-0094-z
79,2015,Fractionation of Fe isotopes during Fe(II) oxidation by a marine photoferrotroph is controlled by the formation of organic Fe-complexes and colloidal Fe fractions,"Swanner, E.D., Wu, W., Schoenberg, R., Byrne, J., Michel, F.M., Pan, Y., Kappler, A.",Geochimica et Cosmochimica Acta,,https://doi.org/10.1016/j.gca.2015.05.024
80,2015,Mineral precipitation during production of geothermal fluid from a Permian Rotliegend reservoir,"Regenspurg, S., Feldbusch, E., Byrne, J., Deon, F., Driba, D.L., Henninges, J., Kappler, A., Naumann, R., Reinsch, T., Schubert, C.",Geothermics,,https://doi.org/10.1016/j.geothermics.2015.01.003
81,2015,Scale-up of the production of highly reactive biogenic magnetite nanoparticles using Geobacter sulfurreducens,"Byrne, J.M., Muhamadali, H., Coker, V.S., Cooper, J., Lloyd, J.R.",Journal of the Royal Society Interface,,https://doi.org/10.1098/rsif.2015.0240
82,2015,Impact of Long-Term Irrigation with Treated Sewage on Soil Magnetic Susceptibility and Organic Matter Content in North China,,Bulletin of environmental contamination and toxicology,,https://doi.org/10.1007/s00128-015-1562-0
83,2014,Bacterially synthesized ferrite nanoparticles for magnetic hyperthermia applications,"Céspedes, E., Byrne, J.M., Farrow, N., Moise, S., Coker, V.S., Bencsik, M., Lloyd, J.R., Telling, N.D.",Nanoscale,,https://doi.org/10.1039/c4nr03004d
84,2014,Biosynthesis of zinc substituted magnetite nanoparticles with enhanced magnetic properties,"Byrne, J.M., Coker, V.S., Cespedes, E., Wincott, P.L., Vaughan, D.J., Pattrick, R.A.D., Van Der Laan, G., Arenholz, E., Tuna, F., Bencsik, M., Lloyd, J.R., Telling, N.D.",Advanced Functional Materials,,https://doi.org/10.1002/adfm.201303230
85,2014,Iron and arsenic speciation and distribution in organic flocs from streambeds of an arsenic-enriched peatland,"Thomasarrigo, L.K., Mikutta, C., Byrne, J., Barmettler, K., Kappler, A., Kretzschmar, R.",Environmental Science and Technology,,https://doi.org/10.1021/es503550g
86,2013,Controlled cobalt doping in biogenic magnetite nanoparticles,"Byrne, J.M., Coker, V.S., Moise, S., Wincott, P.L., Vaughan, D.J., Tuna, F., Arenholz, E., Van Der Laan, G., Pattrick, R.A.D., Lloyd, J.R., Telling, N.D.",Journal of the Royal Society Interface,,https://doi.org/10.1098/rsif.2013.0134
87,2013,Fate of Cd during microbial Fe(III) mineral reduction by a novel and Cd-tolerant geobacter species,"Muehe, E.M., Obst, M., Hitchcock, A., Tyliszczak, T., Behrens, S., Schröder, C., Byrne, J.M., Michel, F.M., Krämer, U., Kappler, A.",Environmental Science and Technology,,https://doi.org/10.1021/es403365w
88,2013,Microbial reduction of Fe(III) under alkaline conditions relevant to geological disposal,"Williamson, A.J., Morris, K., Shaw, S., Byrne, J.M., Boothman, C., Lloyd, J.R.",Applied and Environmental Microbiology,,https://doi.org/10.1128/AEM.03063-12
89,2012,Characterisation of the dissimilatory reduction of Fe(III)-oxyhydroxide at the microbe - mineral interface: The application of STXM-XMCD,"Coker, V.S., Byrne, J.M., Telling, N.D., Van Der Laan, G., Lloyd, J.R., Hitchcock, A.P., Wang, J., Pattrick, R.A.D.",Geobiology,,https://doi.org/10.1111/j.1472-4669.2012.00329.x
90,2011,Biotechnological synthesis of functional nanomaterials,"Lloyd, J.R., Byrne, J.M., Coker, V.S.",Current Opinion in Biotechnology,,https://doi.org/10.1016/j.copbio.2011.06.008
91,2011,"Control of nanoparticle size, reactivity and magnetic properties during the bioproduction of magnetite by Geobacter sulfurreducens","Byrne, J.M., Telling, N.D., Coker, V.S., Pattrick, R.A.D., Van Der Laan, G., Arenholz, E., Tuna, F., Lloyd, J.R.",Nanotechnology,,https://doi.org/10.1088/0957-4484/22/45/455709
92,2008,"Microwave enhancement of superconductivity in <math display=""inline""> <mrow> <msub> <mrow> <mtext>Bi</mtext> </mrow> <mn>2</mn> </msub> <msub> <mrow> <mtext>Sr</mtext> </mrow> <mn>2</mn> </msub> <msub> <mrow> <mtext>CaCu</mtext> </mrow> <mn>2</mn> </msub> <msub> <mtext>O</mtext> <mrow> <mn>8</mn> <mo>+</mo> <mi>δ</mi> </mrow> </msub> </mrow> </math> break junctions","S. I. Vedeneev, D. K. Maude, J. M. Byrne",Physical Review B,,https://doi.org/10.1103/PHYSREVB.78.052509
